node_id,node_name,node_type,comm_size,tensor_len,quantized_event_ratio,byte_reduction_ratio,keep_ratio,approx_bits,quantized_trials,trials,mse_mean,mse_std,cosine_mean,cosine_std
0,embedding_ar,COMM_COLL_NODE,262144,65536,1.0,0.75,0.25,8,200,200,0.00010339007712900639,0.0,0.9999193388167881,2.220446049250313e-15
1,attn_q_proj_ar,COMM_COLL_NODE,1048576,65536,1.0,0.75,0.25,8,200,200,0.00011429146979935467,0.0,0.9999021374483733,7.771561172376096e-16
2,attn_k_proj_ar,COMM_COLL_NODE,1048576,65536,1.0,0.75,0.25,8,200,200,0.00011765114322770387,0.0,0.9999191348816515,2.55351295663786e-15
3,attn_v_proj_ar,COMM_COLL_NODE,1048576,65536,1.0,0.75,0.25,8,200,200,9.859663259703666e-05,0.0,0.9999220462646291,0.0
4,attn_out_proj_ar,COMM_COLL_NODE,2097152,65536,1.0,0.75,0.25,8,200,200,9.420334390597418e-05,0.0,0.9999272141941928,3.4416913763379853e-15
5,ffn_fc1_ar,COMM_COLL_NODE,4194304,65536,1.0,0.75,0.25,8,200,200,0.00010635500075295568,0.0,0.999924040455911,3.3306690738754696e-15
6,ffn_fc2_ar,COMM_COLL_NODE,4194304,65536,1.0,0.75,0.25,8,200,200,9.227987902704626e-05,0.0,0.9999406979976295,1.4432899320127035e-15
7,layernorm_ar,COMM_COLL_NODE,262144,65536,1.0,0.75,0.25,8,200,200,9.606441017240286e-05,0.0,0.9999161482330338,1.5543122344752192e-15
